gt,orig,corr,orig_resil,corr_resil
1.0,0.8390906068985641,0.7258857234290244,0.8390906068985641,0.8404483559461916
0.0,1.1102230246251565e-16,0.2830262593827349,1.1102230246251565e-16,0.005560764548974382
1.0,0.7561333627867528,0.651887047174466,0.7561333627867528,0.7498805896619303
0.0,1.1102230246251565e-16,0.25883279162625805,1.1102230246251565e-16,0.047366625212472764
