{"q0": [], "q10": [], "q20": [], "q30": [], "q40": [], "q50": [], "q60": [], "q70": [], "q80": [], "q90": [], "q100": [], "q0_min": [0.0, 0.0, 0.0, 0.0, 0.0, 0.0, 0.0], "q10_min": [0.0, 0.0, 0.0, 0.0, 0.0, 0.0, 0.0], "q20_min": [0.27143582701683044, 0.0, 0.0, 0.0, 0.0, 0.0, 0.0], "q30_min": [13.188935279846191, 2.6872520446777344, 0.0, 0.0, 0.0, 0.0, 0.0], "q40_min": [30.698637008666992, 15.787089347839355, 1.3816300630569458, 0.0, 0.0, 0.0, 0.0], "q50_min": [56.54363250732422, 31.809642791748047, 5.761634826660156, 0.6419873833656311, 0.0, 0.0, 0.0], "q60_min": [65.81868743896484, 59.80860137939453, 14.350582122802734, 3.477811336517334, 0.0, 0.0, 0.0], "q70_min": [84.43907928466797, 116.76085662841797, 28.615636825561523, 15.202293395996094, 0.0, 0.0, 0.0], "q80_min": [125.60742950439453, 187.9236297607422, 46.06297302246094, 31.71727180480957, 0.9577251076698303, 0.0, 0.0], "q90_min": [211.68768310546875, 290.2557373046875, 80.28376770019531, 76.58810424804688, 8.948551177978516, 1.2543706893920898, 0.0], "q100_min": [4142.7109375, 924.90478515625, 221.73007202148438, 194.20506286621094, 147.42172241210938, 4.57317590713501, 4.965510845184326], "q0_avg": [[154.31614152558166, 0.8316532919941942], [1.7446278412715763, 0.0288351987610812], [0.009006724041305269, 0.0005857497922439031], [0.23381334533096376, 0.003946639796725136], [0.00026149468379306246, 5.551360396779607e-05], [0.0, 0.0], [0.0, 0.0]], "q10_avg": [[497.1917045232899, 1.487303181227129], [80.1120492760924, 0.26474242557459626], [11.711301152952004, 0.03534850964981288], [13.591411304292473, 0.042965337717531506], [0.8623558233085634, 0.0062900080559721], [0.0, 0.0], [0.0, 0.0]], "q20_avg": [[700.1218610258345, 1.8637568648025238], [151.68332899826385, 0.3552980722677852], [26.45593093317128, 0.05520692420625646], [27.01052965591081, 0.06413963879627763], [3.2899179054718473, 0.01490906993087556], [0.0, 0.0], [0.0, 0.0]], "q30_avg": [[876.9312636542558, 2.1882361121231084], [216.2337626746053, 0.4166604140905339], [42.191639941007836, 0.07030111056706803], [40.986480538059645, 0.08078348907422951], [7.044396356142843, 0.02467775224443462], [0.0, 0.0], [0.0, 0.0]], "q40_avg": [[1040.9781050096797, 2.4796871804408966], [277.6141163981535, 0.47592986304836404], [59.372778109330596, 0.08387343074032211], [56.22997443709926, 0.09589198427666927], [12.361156559078248, 0.03590561300485881], [0.0, 0.0], [0.0, 0.0]], "q50_avg": [[1208.3823700105356, 2.7367699384079036], [340.9807331576184, 0.5375376469714572], [78.76365229314186, 0.0977341028495074], [73.50742582101242, 0.11103435247859969], [19.758141515896654, 0.04900682297529372], [0.0, 0.0], [0.0, 0.0]], "q60_avg": [[1396.6254187202073, 2.976162365678997], [412.0077718118288, 0.6067457443500429], [101.4898927047026, 0.1136362170353312], [93.9087886894271, 0.12792815210513309], [30.223856390105148, 0.06491829558839612], [0.00045880934522517545, 5.325074950010877e-05], [0.0, 0.0]], "q70_avg": [[1629.609216099163, 3.2618781981024614], [499.4681315652691, 0.694299804301835], [129.65449846874506, 0.13443189300391264], [119.4935369856241, 0.14920021166322248], [45.75437107871085, 0.08588333752053641], [0.07411092712383549, 0.0009524975887272504], [0.0, 0.0]], "q80_avg": [[1961.4634554619024, 3.6879102078970387], [623.1683596644874, 0.8279687705434765], [167.88871486108889, 0.1671488110975861], [154.646391813658, 0.18133100442873207], [71.17127203776093, 0.11816103386131113], [1.2526981443669465, 0.0029344329580381777], [0.00026774328193197237, 3.215301673927056e-05]], "q90_avg": [[2629.043423099177, 4.2482399856316695], [856.7950217947756, 1.1424880168043616], [231.3852936904504, 0.24648541949203856], [213.78003155224968, 0.2504805146237924], [123.07025885202098, 0.18990377876211104], [3.6198905263328514, 0.00471373837332214], [0.5294750367170796, 0.001726606016287794]], "q100_avg": [[7054.448806872278, 19.807449244952426], [2996.2487357883474, 7.519010525844771], [675.7298756205992, 1.5512720899993584], [549.5139295162234, 1.0776402393880176], [514.1557653448219, 1.1287005775876915], [15.277637440088098, 0.02306110951720093], [15.515839351446568, 0.024827610200895144]], "q0_max": [1631.110107421875, 159.03665161132812, 6.96510124206543, 16.337324142456055, 1.3801987171173096, 0.0, 0.0], "q10_max": [2633.636962890625, 425.3612365722656, 49.487552642822266, 57.513153076171875, 15.766605377197266, 0.0, 0.0], "q20_max": [3152.04296875, 622.9761962890625, 73.53764343261719, 82.51875305175781, 23.902103424072266, 0.0, 0.0], "q30_max": [3998.294189453125, 729.46044921875, 98.74794006347656, 104.64097595214844, 35.683372497558594, 0.0, 0.0], "q40_max": [4313.3330078125, 960.1056518554688, 132.82159423828125, 129.87049865722656, 50.166603088378906, 0.0, 0.0], "q50_max": [4849.560546875, 1136.271240234375, 162.28768920898438, 166.81228637695312, 67.20594787597656, 0.0, 0.0], "q60_max": [5681.75732421875, 1385.718505859375, 206.88333129882812, 205.79458618164062, 92.67402648925781, 0.7307654619216919, 0.0], "q70_max": [6857.39111328125, 1701.414306640625, 268.3086242675781, 277.39630126953125, 126.10806274414062, 2.586183547973633, 0.0], "q80_max": [11705.6591796875, 2057.849609375, 439.4512634277344, 387.5764465332031, 215.99484252929688, 7.2093095779418945, 0.45247435569763184], "q90_max": [13643.59765625, 3794.76318359375, 884.41650390625, 828.076171875, 424.6806335449219, 13.793508529663086, 1.8912121057510376], "q100_max": [59374.41015625, 30492.271484375, 7333.693359375, 4890.693359375, 4762.015625, 56.5679931640625, 65.03219604492188], "ftraces": [], "ftraces_max": [], "ftraces_min": [], "ftraces_mu": [], "ftraces_sigma": [], "ftraces_fmap_disp": [], "N_total": 140777}