{"q0": [], "q10": [], "q20": [], "q30": [], "q40": [], "q50": [], "q60": [], "q70": [], "q80": [], "q90": [], "q100": [], "q0_min": [0.0, 0.0, 0.0, 0.0, 0.0], "q10_min": [0.0, 0.0, 0.0, 0.0, 0.0], "q20_min": [4.1309428215026855, 0.0, 0.0, 0.0, 0.0], "q30_min": [18.51734161376953, 0.0, 0.0, 0.0, 0.0], "q40_min": [28.90039825439453, 1.3483564853668213, 0.0, 0.0, 0.0], "q50_min": [48.25835037231445, 6.045051097869873, 1.5346887111663818, 0.0, 0.0], "q60_min": [65.81868743896484, 22.811920166015625, 9.44455623626709, 0.9705854058265686, 0.0], "q70_min": [84.43907928466797, 70.98851776123047, 24.9975643157959, 8.830087661743164, 0.0], "q80_min": [130.39268493652344, 122.46050262451172, 47.827178955078125, 43.17736053466797, 0.0], "q90_min": [230.16046142578125, 288.502685546875, 80.28376770019531, 77.70925903320312, 4.877302646636963], "q100_min": [4142.7109375, 956.469482421875, 230.9237060546875, 193.2793731689453, 152.13729858398438], "q0_avg": [[154.31667854043755, 0.8321219683919173], [1.7419836080066122, 0.02851965513361435], [0.009360375354452432, 0.00059647655730553], [0.23220971886771052, 0.0038973824872266093], [0.000219168271877492, 4.8002156571838094e-05]], "q10_avg": [[497.26354548447677, 1.487076934326838], [80.35809741516348, 0.26474102991636933], [11.696277526877735, 0.035297597750402136], [13.560837316599152, 0.042885498730785614], [0.8622330588020043, 0.006294276002298457]], "q20_avg": [[699.8826103482135, 1.8619550351423808], [151.87286314938754, 0.35485636029472334], [26.424000882803757, 0.0551852562693169], [26.94827124778654, 0.06400451435328153], [3.284977479412546, 0.014901753362175021]], "q30_avg": [[876.5033355845858, 2.1839241284156854], [216.43149799770657, 0.41668938293964153], [42.13401126287249, 0.07038980735456248], [40.91068702085387, 0.0806708190212878], [7.0343502075857405, 0.02468635046688707]], "q40_avg": [[1040.487534359931, 2.475021570497576], [277.8015561014382, 0.47597473236754306], [59.316367326509784, 0.08398685274620955], [56.13025213770038, 0.09577278264642866], [12.33674285548526, 0.03590313655224618]], "q50_avg": [[1208.1084890574318, 2.7322652812785626], [341.17846951024734, 0.5374490245355611], [78.69600811894756, 0.09783084324603909], [73.39161494113738, 0.1109133307741712], [19.712470061633258, 0.0489297244209052]], "q60_avg": [[1396.3771869301167, 2.9726558502101947], [412.2629290724454, 0.6069570359454002], [101.407990483592, 0.1136963814506297], [93.77102951892692, 0.1277606646121939], [30.159935492114652, 0.0648530300479179]], "q70_avg": [[1629.3595745051146, 3.2585520416998004], [499.7234134267475, 0.6944558874319419], [129.5622496937168, 0.13433787579604178], [119.34287504011512, 0.14888366534618336], [45.65181079684598, 0.0857060521570845]], "q80_avg": [[1962.0728874262093, 3.687290237508634], [623.6412107684878, 0.8296231323225337], [167.75098695537343, 0.16697496842057172], [154.4841666200923, 0.18090010873812504], [70.99777900294215, 0.11788718672274547]], "q90_avg": [[2628.4275882692523, 4.24245909453462], [857.7464057185692, 1.1474764097527907], [231.2535836970055, 0.24598951665171984], [213.61523375820792, 0.25069328873542973], [122.77861844940443, 0.18894497036372135]], "q100_avg": [[7047.495299143603, 19.738671277929782], [2997.9275324977207, 7.483749000957672], [677.0157340727512, 1.5782275639339103], [549.4861501178617, 1.0888538978935238], [513.9157469231409, 1.1296232818664294]], "q0_max": [1631.110107421875, 154.7373046875, 6.3299560546875, 14.187612533569336, 1.18663489818573], "q10_max": [2728.384765625, 386.4618225097656, 46.697837829589844, 50.82372283935547, 15.070796966552734], "q20_max": [3334.92578125, 549.5689697265625, 70.51721954345703, 79.39994812011719, 23.52057456970215], "q30_max": [4243.25439453125, 727.1956176757812, 93.98055267333984, 100.70648193359375, 36.248146057128906], "q40_max": [4668.18310546875, 960.1056518554688, 125.280029296875, 130.6779327392578, 47.134788513183594], "q50_max": [5027.3408203125, 1136.271240234375, 165.6061248779297, 169.69284057617188, 66.86798095703125], "q60_max": [5367.318359375, 1385.718505859375, 226.0127716064453, 212.9921875, 92.67402648925781], "q70_max": [6857.39111328125, 1701.414306640625, 279.95391845703125, 305.27337646484375, 126.34412384033203], "q80_max": [11705.6591796875, 2073.90185546875, 445.248779296875, 442.172607421875, 207.2368927001953], "q90_max": [13643.59765625, 4204.5732421875, 874.6538696289062, 806.554931640625, 438.82366943359375], "q100_max": [65515.609375, 33482.28125, 10907.2685546875, 8250.908203125, 4256.86328125], "ftraces": [], "ftraces_max": [], "ftraces_min": [], "ftraces_mu": [], "ftraces_sigma": [], "ftraces_fmap_disp": [], "N_total": 140777}