{"q0": [], "q10": [], "q20": [], "q30": [], "q40": [], "q50": [], "q60": [], "q70": [], "q80": [], "q90": [], "q100": [], "q0_min": [0.0, 0.0, 0.0, 0.0, 0.0, 0.0, 0.0], "q10_min": [1.0736188888549805, 0.0, 0.0, 0.0, 0.0, 0.0, 0.0], "q20_min": [34.975948333740234, 1.724772572517395, 0.0, 0.0, 0.0, 0.0, 0.0], "q30_min": [62.57209014892578, 21.278274536132812, 3.070934772491455, 0.0, 0.0, 0.0, 0.0], "q40_min": [83.62569427490234, 50.1976203918457, 8.776276588439941, 1.5612250566482544, 0.0, 0.0, 0.0], "q50_min": [120.54640197753906, 87.94355773925781, 19.173261642456055, 6.057889938354492, 0.0, 0.0, 0.0], "q60_min": [143.1038360595703, 113.917236328125, 30.138362884521484, 18.31256675720215, 0.0, 0.0, 0.0], "q70_min": [202.647705078125, 148.97207641601562, 44.35395431518555, 33.83505630493164, 0.0, 0.0, 0.0], "q80_min": [344.8576965332031, 221.0678253173828, 60.88962173461914, 61.71461486816406, 3.5364813804626465, 0.0, 0.0], "q90_min": [587.54833984375, 376.6622619628906, 96.37954711914062, 93.52439880371094, 31.490055084228516, 1.8860552310943604, 0.0], "q100_min": [4265.5380859375, 1085.618408203125, 281.6036376953125, 230.17453002929688, 174.92047119140625, 5.169211387634277, 5.879837989807129], "q0_avg": [[157.65844560976328, 7.058263816863582], [1.830494095475413, 0.236019578245243], [0.012204658582806588, 0.005602288868696139], [0.2106597380321473, 0.03178342594516638], [0.00031816214323043823, 0.00037033743678848514], [0.0, 0.0], [0.0, 0.0]], "q10_avg": [[496.439546536684, 12.467100074878784], [80.52273922593146, 2.2534628342653176], [11.48166758925654, 0.2995207137854374], [13.412651486646384, 0.3666345390922924], [0.8483862350953277, 0.05338782436369786], [0.0, 0.0], [0.0, 0.0]], "q20_avg": [[699.0591083946229, 15.72953422272311], [151.88976773315667, 2.999147731915731], [26.05836417394504, 0.47043462889458304], [26.69330721728504, 0.544016145251968], [3.23454613810312, 0.12581806118914626], [0.0, 0.0], [0.0, 0.0]], "q30_avg": [[873.3347146644593, 18.52401697136683], [216.81565460681915, 3.5003509746642223], [41.71636346209049, 0.5930398872408248], [40.63918870311976, 0.6897438208630372], [6.968261513009668, 0.21057028244173212], [0.0, 0.0], [0.0, 0.0]], "q40_avg": [[1038.3419208946227, 21.099555619894996], [278.3889528141022, 3.9830025973312164], [58.8481734161377, 0.706662088910844], [55.814801743686196, 0.8147013627375109], [12.210780373193323, 0.3058736666684454], [0.0, 0.0], [0.0, 0.0]], "q50_avg": [[1209.1348149490357, 23.306022863703173], [342.16714197921755, 4.478527114257912], [78.30556257915497, 0.8282270205830904], [73.15453683567047, 0.9444019638211434], [19.544642047554255, 0.41862560759575534], [0.0, 0.0], [0.0, 0.0]], "q60_avg": [[1399.1226048355102, 25.551305281700106], [413.90175777435303, 5.06801878594128], [101.10519104385376, 0.9586570635569003], [93.62444897556306, 1.0792374950412433], [29.91230096244812, 0.5515257240367302], [0.0007996708918362856, 0.0005828868682555918], [0.0, 0.0]], "q70_avg": [[1637.7127909317016, 28.010920061490435], [501.98375395965576, 5.768034985645548], [129.50055555343627, 1.1334327261965718], [119.19555135345459, 1.2604977292464383], [45.2760475063324, 0.7270989649408381], [0.07689463095378596, 0.00807526370843597], [0.0, 0.0]], "q80_avg": [[1978.4898572387694, 31.650428854369903], [626.3731723785401, 6.872594955722473], [168.00535076332093, 1.428986051590298], [154.5660112876892, 1.5177364832078344], [70.52818364500999, 0.9995769773941121], [1.261235473696608, 0.023590156298729993], [8.036965457722545e-05, 0.0001336784981194311]], "q90_avg": [[2645.0340863342285, 36.176264175353644], [861.7870755462646, 9.381269165183078], [232.38092121887206, 2.138561023941729], [214.05949797821046, 2.069952319479314], [122.16248690795898, 1.5754283969664478], [3.617639107823372, 0.037860208453825005], [0.52786768488097, 0.014517593191510844]], "q100_avg": [[6980.9769692382815, 162.56803441363385], [3043.436243103027, 66.2620405156033], [673.2347586975097, 12.131810569373368], [551.316566833496, 8.891466002300437], [518.0245604248047, 9.336405545156126], [15.249531909942627, 0.1919658266556293], [15.422868694543839, 0.20273882756235914]], "q0_max": [917.7531127929688, 48.20906448364258, 2.8746564388275146, 10.679641723632812, 0.30252283811569214, 0.0, 0.0], "q10_max": [1879.881103515625, 335.3462829589844, 38.20125961303711, 46.38255310058594, 8.210529327392578, 0.0, 0.0], "q20_max": [2246.43798828125, 439.9580078125, 63.429542541503906, 64.08625030517578, 18.122705459594727, 0.0, 0.0], "q30_max": [2910.677734375, 555.8934326171875, 85.13923645019531, 86.48567962646484, 28.72854232788086, 0.0, 0.0], "q40_max": [3365.5888671875, 666.7028198242188, 108.14618682861328, 112.76432800292969, 40.188228607177734, 0.0, 0.0], "q50_max": [3713.9619140625, 779.9605712890625, 137.80332946777344, 142.48162841796875, 57.842872619628906, 0.0, 0.0], "q60_max": [4383.4306640625, 929.64208984375, 165.99603271484375, 185.70700073242188, 76.96695709228516, 0.3296569585800171, 0.0], "q70_max": [4634.0654296875, 1087.8841552734375, 222.132080078125, 237.8783416748047, 113.76362609863281, 1.6404657363891602, 0.0], "q80_max": [5299.59130859375, 1400.460205078125, 390.81884765625, 322.5723571777344, 165.68777465820312, 4.332733154296875, 0.1337752789258957], "q90_max": [7118.10986328125, 2155.452880859375, 731.3353881835938, 534.02880859375, 312.83001708984375, 8.50753116607666, 1.4018261432647705], "q100_max": [54559.28125, 14595.2109375, 3354.9580078125, 3170.27294921875, 2494.542724609375, 38.00575256347656, 48.176841735839844], "ftraces": [], "ftraces_max": [], "ftraces_min": [], "ftraces_mu": [], "ftraces_sigma": [], "ftraces_fmap_disp": [], "N_total": 2000}