{"q0": [], "q10": [], "q20": [], "q30": [], "q40": [], "q50": [], "q60": [], "q70": [], "q80": [], "q90": [], "q100": [], "q0_min": [5.311250686645508, 0.0, 0.0, 0.0], "q10_min": [8.872420310974121, 0.0, 0.0, 0.0], "q20_min": [12.433589935302734, 0.0, 0.0, 0.0], "q30_min": [25.612722396850586, 0.0, 0.0, 0.0], "q40_min": [31.402143478393555, 0.5665398836135864, 0.0, 0.0], "q50_min": [43.77342224121094, 4.218818664550781, 0.0, 0.0], "q60_min": [48.11610412597656, 10.094261169433594, 0.0, 0.0], "q70_min": [66.73094177246094, 19.20165252685547, 0.0, 0.0], "q80_min": [77.26756286621094, 24.233753204345703, 0.0, 0.0], "q90_min": [228.31192016601562, 35.14961242675781, 0.0, 0.0], "q100_min": [243.7381134033203, 50.23320770263672, 1.0259935855865479, 0.0], "q0_avg": [[86.17927081942558, 0.5667814426799462], [2.6134870733451097, 0.06726186130750482], [0.0, 0.0], [0.0, 0.0]], "q10_avg": [[99.65878942974409, 0.5462191968437184], [8.903815117743642, 0.12097878244915375], [0.0, 0.0], [0.0, 0.0]], "q20_avg": [[113.13830800485611, 0.5804478722633934], [15.21958692564722, 0.16854730700325243], [0.0, 0.0], [0.0, 0.0]], "q30_avg": [[133.1075190056165, 0.5435496999859046], [21.942741509444392, 0.18889826774984536], [0.0, 0.0], [0.0, 0.0]], "q40_avg": [[153.0767301228841, 0.6540326863032012], [28.993341853479546, 0.20489546494009944], [0.0, 0.0], [0.0, 0.0]], "q50_avg": [[171.56369326845805, 0.5962036224801903], [36.436659448107086, 0.20853990306430933], [0.0, 0.0], [0.0, 0.0]], "q60_avg": [[190.0506562388738, 0.6674344594579207], [44.9459274067084, 0.22409899010207132], [0.0, 0.0], [0.0, 0.0]], "q70_avg": [[216.73733778699238, 0.6718785700912829], [56.00467165676753, 0.22790810324916472], [0.0, 0.0], [3.825664365043243e-06, 6.72216403004474e-06]], "q80_avg": [[243.4240193010966, 0.89044696599856], [69.73893677902221, 0.2643520813631855], [0.0, 0.0], [0.0017516261330262448, 0.0007120019410082591]], "q90_avg": [[359.8704214261373, 0.7296599436150886], [93.14452989387512, 0.33392452810259193], [0.7046942937438749, 0.03184711248425522], [1.6275380633290948, 0.05188556232573455]], "q100_avg": [[476.31682342656455, 1.5910935006634408], [137.98712070814767, 0.7562215271764474], [41.310130827605725, 0.2608539591553428], [30.93185520723959, 0.26879068724183497]], "q0_max": [181.54833984375, 27.961383819580078, 0.0, 0.0], "q10_max": [199.73251342773438, 39.044761657714844, 0.0, 0.0], "q20_max": [236.35345458984375, 50.25666809082031, 0.0, 0.0], "q30_max": [250.06643676757812, 59.59627151489258, 0.0, 0.0], "q40_max": [285.5380554199219, 74.63048553466797, 0.0, 0.0], "q50_max": [309.052490234375, 79.826904296875, 0.0, 0.0], "q60_max": [350.47119140625, 87.73110961914062, 0.0, 0.0], "q70_max": [357.4199523925781, 103.2103042602539, 0.0, 0.04084574058651924], "q80_max": [449.7755126953125, 130.402099609375, 0.0, 2.666951894760132], "q90_max": [480.39129638671875, 171.7179718017578, 19.689359664916992, 22.247148513793945], "q100_max": [775.18505859375, 351.47222900390625, 97.94766998291016, 95.27041625976562], "ftraces": [], "ftraces_max": [], "ftraces_min": [], "ftraces_mu": [], "ftraces_sigma": [], "ftraces_fmap_disp": [], "N_total": 12000}