{"q0": [], "q10": [], "q20": [], "q30": [], "q40": [], "q50": [], "q60": [], "q70": [], "q80": [], "q90": [], "q100": [], "q0_min": [5.539043426513672, 0.0, 0.0, 0.0], "q10_min": [17.532543182373047, 0.0, 0.0, 0.0], "q20_min": [22.588104248046875, 0.0, 0.0, 0.0], "q30_min": [28.129257202148438, 0.0, 0.0, 0.0], "q40_min": [31.99284553527832, 1.6992676258087158, 0.0, 0.0], "q50_min": [43.77342224121094, 3.516655683517456, 0.0, 0.0], "q60_min": [48.11610412597656, 9.996522903442383, 0.0, 0.0], "q70_min": [53.48770523071289, 17.85602378845215, 0.0, 0.0], "q80_min": [56.82123565673828, 18.751049041748047, 0.0, 0.0], "q90_min": [233.08258056640625, 39.533321380615234, 0.0, 0.0], "q100_min": [244.28334045410156, 52.30463409423828, 0.0, 0.4052779972553253], "q0_avg": [[86.36307852490744, 0.5678992025646138], [2.624064156064919, 0.0665046326227652], [0.0, 0.0], [0.0, 0.0]], "q10_avg": [[99.87739427693685, 0.5472433236679016], [8.909547727911113, 0.12037607309330396], [0.0, 0.0], [0.0, 0.0]], "q20_avg": [[113.39171007156372, 0.5809537731700929], [15.307637544777865, 0.16911187448713935], [0.0, 0.0], [0.0, 0.0]], "q30_avg": [[133.3496770137151, 0.5462831989199858], [21.973547190302362, 0.1880424007101906], [0.0, 0.0], [0.0, 0.0]], "q40_avg": [[153.30764396301905, 0.659459507509661], [28.95641820794344, 0.2036739584333164], [0.0, 0.0], [0.0, 0.0]], "q50_avg": [[171.76922364107767, 0.6022724050247122], [36.48916647996505, 0.20976095616797785], [0.0, 0.0], [4.941083413238327e-07, 9.684119959727984e-07]], "q60_avg": [[190.23080331770578, 0.6723988271727994], [45.04637843155861, 0.2263880283793208], [0.0, 0.0], [3.1488581250111263e-06, 6.171504762917276e-06]], "q70_avg": [[217.22383428351085, 0.6692717276381984], [56.17954180018107, 0.23202601766581454], [0.0, 0.0], [3.502682223916054e-05, 3.807906685292685e-05]], "q80_avg": [[244.2168651638031, 0.88557850648159], [70.0269862182935, 0.26750118163520853], [0.0, 0.0], [0.0016021093910997782, 0.0006430996526873763]], "q90_avg": [[358.7993206888835, 0.7299691691953685], [93.22771129322052, 0.33307155586089415], [0.6922390281049211, 0.03215160949847437], [1.6556534898516875, 0.05336769023225474]], "q100_avg": [[473.3817761433919, 1.5900586375175585], [137.3368627173106, 0.7556423908347791], [41.51907433527708, 0.2642365900552217], [30.969962594332795, 0.27029257217557895]], "q0_max": [181.54833984375, 33.8278923034668, 0.0, 0.0], "q10_max": [190.41912841796875, 39.73759460449219, 0.0, 0.0], "q20_max": [233.6497344970703, 51.17003631591797, 0.0, 0.0], "q30_max": [246.33595275878906, 56.30754852294922, 0.0, 0.0], "q40_max": [311.0858154296875, 70.50301361083984, 0.0, 0.0], "q50_max": [320.7963562011719, 79.826904296875, 0.0, 0.005929300095885992], "q60_max": [346.31915283203125, 91.91908264160156, 0.0, 0.037786297500133514], "q70_max": [357.295166015625, 108.0839614868164, 0.0, 0.171929731965065], "q80_max": [431.32257080078125, 128.73646545410156, 0.0, 1.8554182052612305], "q90_max": [469.978515625, 172.45925903320312, 22.164358139038086, 24.409231185913086], "q100_max": [756.046630859375, 331.0019226074219, 106.04657745361328, 95.2704086303711], "ftraces": [], "ftraces_max": [], "ftraces_min": [], "ftraces_mu": [], "ftraces_sigma": [], "ftraces_fmap_disp": [], "N_total": 12000}