{"q0": [], "q10": [], "q20": [], "q30": [], "q40": [], "q50": [], "q60": [], "q70": [], "q80": [], "q90": [], "q100": [], "q0_min": [0.0, 0.0, 0.0, 1.10847008228302, 0.008751917630434036, 0.0, 0.06248212233185768, 0.25981444120407104, 0.0, 0.0, 0.0, 0.0, 0.0, 0.0, 0.0, 0.0, 0.0], "q10_min": [4.839908599853516, 0.0007664246950298548, 4.763011932373047, 43.0224723815918, 4.44022798538208, 1.7904409170150757, 4.690608978271484, 5.9260125160217285, 2.2928082942962646, 0.42174091935157776, 0.48066386580467224, 0.3930412232875824, 0.13829290866851807, 0.03367343544960022, 0.03432583436369896, 0.03437892720103264, 0.009735957719385624], "q20_min": [538.8755493164062, 2.709613800048828, 17.154211044311523, 87.4441146850586, 9.576253890991211, 6.807794094085693, 10.44977855682373, 12.075920104980469, 4.349588871002197, 1.4141737222671509, 1.3961458206176758, 1.0329738855361938, 0.5081180334091187, 0.2802230417728424, 0.19242185354232788, 0.21721138060092926, 0.19793570041656494], "q30_min": [1625.9189453125, 15.661425590515137, 37.00277328491211, 125.5621337890625, 16.065914154052734, 14.382555961608887, 19.036277770996094, 18.165403366088867, 6.369478225708008, 2.7614119052886963, 2.7413175106048584, 1.9310287237167358, 1.1857353448867798, 0.7238295078277588, 0.4306541979312897, 0.5604291558265686, 0.42665091156959534], "q40_min": [1976.997314453125, 60.24599075317383, 86.58202362060547, 172.14134216308594, 25.31622314453125, 23.609176635742188, 30.691261291503906, 23.045053482055664, 8.58079719543457, 4.64692497253418, 4.341434478759766, 3.2135307788848877, 2.207092523574829, 1.4458656311035156, 0.8063862323760986, 1.0130287408828735, 0.7542542815208435], "q50_min": [2297.49609375, 117.0441665649414, 136.4634246826172, 218.76690673828125, 39.81440734863281, 36.52607345581055, 40.02753829956055, 30.264760971069336, 11.415251731872559, 6.627710819244385, 5.778425693511963, 4.754922389984131, 3.9874236583709717, 2.3991551399230957, 1.3324427604675293, 1.6078227758407593, 1.2133135795593262], "q60_min": [2511.0888671875, 211.6186981201172, 210.7862548828125, 273.7848205566406, 63.5075798034668, 51.18858337402344, 51.68501663208008, 37.66584014892578, 16.202857971191406, 9.138890266418457, 7.692380428314209, 6.631453037261963, 5.732034206390381, 4.266975402832031, 2.1966845989227295, 2.519409418106079, 1.7743736505508423], "q70_min": [2782.47314453125, 326.2003479003906, 294.4821472167969, 329.1983337402344, 96.08029174804688, 71.35243225097656, 66.4582748413086, 49.1944580078125, 20.971940994262695, 12.388253211975098, 10.306212425231934, 8.692435264587402, 7.528195858001709, 6.5511088371276855, 3.256512403488159, 3.4860401153564453, 2.7354345321655273], "q80_min": [3275.879150390625, 486.6815490722656, 408.4056396484375, 384.0110778808594, 135.90049743652344, 91.97821044921875, 81.77454376220703, 64.74703979492188, 27.87120246887207, 16.685543060302734, 12.489581108093262, 11.207430839538574, 10.136305809020996, 8.763289451599121, 4.939574718475342, 5.028391361236572, 4.351770401000977], "q90_min": [5128.78369140625, 752.9931640625, 613.6600952148438, 491.2120056152344, 194.1127166748047, 125.2687759399414, 102.91043853759766, 82.78925323486328, 36.76428985595703, 20.387331008911133, 16.765825271606445, 15.132800102233887, 13.28967571258545, 13.078997611999512, 6.862727642059326, 7.633960247039795, 7.732915878295898], "q100_min": [10247.572265625, 1489.9273681640625, 1167.868896484375, 957.3541870117188, 304.8829345703125, 229.3887176513672, 228.9481201171875, 198.9313507080078, 70.31551361083984, 46.55562210083008, 36.68808364868164, 34.664306640625, 34.60892868041992, 36.23451232910156, 21.658811569213867, 23.120620727539062, 42.10557556152344], "q0_avg": [[0.0, 0.0], [0.0, 0.0], [3.2999741539926335, 0.22079164022779957], [33.23635300213098, 0.6006259740077335], [9.699156515237876, 0.27957606315988165], [0.33092329037021684, 0.029577456018738315], [5.253459381083027, 0.14313226608864663], [5.78104587084055, 0.12255376646944424], [2.35324855748564, 0.05267487170445672], [0.1398111008920314, 0.0068830985965273395], [0.3120870716704812, 0.010830815833123114], [0.2621565890950005, 0.008792866088995016], [0.16777230690273792, 0.006685348719216395], [0.15477554494647117, 0.006151048563857485], [0.10017228286199042, 0.0040334087497595796], [0.01266304394380677, 0.0012360097005882508], [0.003505388191595557, 0.0006483049431178963]], "q10_avg": [[632.8467648420334, 12.481544225262393], [17.443213018817012, 0.6176876607726374], [50.60289246559143, 1.1938474533765377], [125.61788682937622, 1.291002028162623], [40.414578277111055, 0.4984120908972477], [14.871092449963093, 0.2386361516878973], [26.01099941110611, 0.2794628122091376], [26.269061416387558, 0.2607525988881088], [8.934090255618095, 0.10178742319550672], [3.09695503346622, 0.042346577530279005], [3.4815837354511023, 0.036136696429480274], [2.896449748918414, 0.029544203544089553], [2.1758139610290526, 0.025091603042842095], [1.7183838715404272, 0.02323271075170861], [1.3275743673220277, 0.018089024330614153], [0.907435456585139, 0.013495396356141439], [1.2106237071151844, 0.020558451162610347]], "q20_avg": [[1720.1600084228517, 11.8610406679806], [75.59512150537968, 1.489937598071826], [104.39404019069671, 1.7524956411217063], [171.24711682128907, 1.2399939476401614], [58.60988769197464, 0.6346032389082031], [25.80464294242859, 0.3035379976027108], [35.89141090774536, 0.2774843007578338], [33.735852939605714, 0.26064526989249426], [12.195871357917786, 0.11576839285512235], [5.13189705824852, 0.049743062926249755], [5.132579458892345, 0.0402040096547009], [4.304957485258579, 0.03335917362870061], [3.383701955914497, 0.029342434600926812], [2.7796399545818566, 0.028478133647834407], [2.0021107443943618, 0.021596467197650866], [1.5347759830653667, 0.01730900504130064], [2.2575796108171344, 0.029771758045870678]], "q30_avg": [[2315.9020037231444, 10.298811357457343], [138.6090157008171, 2.168294502280264], [157.3911244392395, 2.077947582961648], [206.40487268066406, 1.1641653866659778], [71.99607911014557, 0.684788072460444], [36.66119872331619, 0.31840819725003927], [43.92979284381867, 0.2633288222324064], [39.787555225372316, 0.2489277877020376], [14.996169299602508, 0.12340163740052507], [6.964901235938072, 0.051727028772928396], [6.570197804212571, 0.04115287307533486], [5.561272598803043, 0.034719505280245755], [4.501338296234608, 0.031023954927995395], [3.80476656216383, 0.03131949252595845], [2.6301951464861633, 0.02360109224221078], [2.1633928338885307, 0.019759568283174274], [3.363892372265458, 0.03717350936831576]], "q40_avg": [[2562.2853118286134, 10.293143860655546], [210.89367185020447, 2.614670363121345], [212.55324207687377, 2.1481153602341734], [239.81113442230225, 1.0876684250223374], [84.23025644397735, 0.7062001678350603], [47.41257123756409, 0.3087468722945372], [51.57105080413818, 0.24412629789730803], [45.653436701774595, 0.23374434974650712], [17.775064516067506, 0.12756051935872728], [8.778869653463364, 0.05101774949797882], [7.973800875425339, 0.04052553814147524], [6.804074395656586, 0.03526776878817493], [5.642345780014992, 0.03138984196706333], [4.883786583423615, 0.03313170897633863], [3.2792191577851773, 0.0248126718323028], [2.843860982954502, 0.021462616567974758], [4.596013109654188, 0.044442261352739335]],