{"q0": [], "q10": [], "q20": [], "q30": [], "q40": [], "q50": [], "q60": [], "q70": [], "q80": [], "q90": [], "q100": [], "q0_min": [0.0, 0.0, 0.0, 0.047208309173583984, 0.0, 0.0, 0.0, 0.0, 0.0, 0.0, 0.0, 0.0, 0.0, 0.0, 0.0, 0.0, 0.0], "q10_min": [0.0, 0.0, 2.5608298778533936, 17.07868194580078, 1.1265023946762085, 0.3356541693210602, 0.9391887187957764, 0.8320059776306152, 0.003459310857579112, 0.0, 0.03552478179335594, 0.04591415822505951, 0.0006911107338964939, 0.0, 0.0, 0.0, 0.0], "q20_min": [149.2834014892578, 0.02672327309846878, 10.757366180419922, 45.800323486328125, 2.9479150772094727, 1.6216931343078613, 4.977779865264893, 3.9687182903289795, 0.13551311194896698, 0.015612578950822353, 0.25713369250297546, 0.2971037030220032, 0.0896483063697815, 0.004277482163161039, 0.0, 0.019321182742714882, 0.007719069253653288], "q30_min": [1218.8734130859375, 1.1078763008117676, 30.246946334838867, 78.6920394897461, 5.5072150230407715, 6.460529327392578, 10.08925724029541, 7.814375400543213, 0.5511776208877563, 0.28531786799430847, 0.9692894816398621, 0.7674697041511536, 0.4348018169403076, 0.1273362636566162, 0.023462282493710518, 0.1250758320093155, 0.08721873909235], "q40_min": [1778.111328125, 23.46820831298828, 61.04832458496094, 115.4366455078125, 9.844501495361328, 17.077346801757812, 18.930217742919922, 13.684532165527344, 1.741346001625061, 1.2644480466842651, 1.9969362020492554, 1.6176815032958984, 1.0379047393798828, 0.5306009650230408, 0.12646345794200897, 0.34773680567741394, 0.22749288380146027], "q50_min": [2124.552734375, 77.57247924804688, 117.88739013671875, 168.21202087402344, 21.050437927246094, 31.365236282348633, 33.30413055419922, 21.654863357543945, 4.218654155731201, 3.0795204639434814, 3.5974342823028564, 2.7601308822631836, 1.8944326639175415, 1.2008726596832275, 0.3911280632019043, 0.7777865529060364, 0.4740407466888428], "q60_min": [2420.79931640625, 170.21034240722656, 177.76495361328125, 236.5143280029297, 37.81898498535156, 48.21694564819336, 46.05501937866211, 31.50311279296875, 8.419703483581543, 5.811204433441162, 5.689985752105713, 4.771453857421875, 3.3174216747283936, 2.2391951084136963, 1.0900393724441528, 1.6263412237167358, 0.9124652743339539], "q70_min": [2596.36474609375, 304.4631042480469, 256.7279968261719, 310.5386047363281, 85.5741195678711, 65.11581420898438, 62.13100814819336, 46.560665130615234, 14.660385131835938, 11.252585411071777, 9.1633882522583, 7.57280969619751, 5.746249675750732, 4.36374044418335, 2.2489407062530518, 2.8534300327301025, 1.6208142042160034], "q80_min": [2998.916748046875, 499.9236145019531, 386.8727111816406, 379.6055603027344, 130.7573699951172, 89.28812408447266, 79.8646011352539, 62.89347457885742, 23.438356399536133, 15.942283630371094, 12.238499641418457, 10.762965202331543, 9.70207691192627, 8.273646354675293, 4.074716091156006, 4.301353454589844, 2.577021837234497], "q90_min": [4506.19384765625, 736.8538208007812, 594.2930297851562, 480.8011169433594, 187.28062438964844, 122.36141204833984, 99.8355712890625, 80.88765716552734, 34.771217346191406, 20.16167640686035, 16.501039505004883, 14.542529106140137, 12.839866638183594, 12.53469467163086, 6.366858959197998, 7.0676398277282715, 4.927914619445801], "q100_min": [10183.484375, 1467.2822265625, 1131.8238525390625, 950.5265502929688, 304.3786926269531, 223.5340576171875, 217.2676544189453, 190.9783477783203, 66.57223510742188, 43.78916549682617, 35.42289352416992, 31.744653701782227, 32.94142532348633, 33.7037239074707, 20.202077865600586, 20.888246536254883, 40.11790466308594], "q0_avg": [[0.0, 0.0], [0.0, 0.0], [3.039726932504286, 0.02529818866888875], [32.8950222380925, 0.0707869190598793], [9.605349471084551, 0.03288928978364671], [0.31402312843695573, 0.0033943972233196184], [5.160024197823335, 0.016474012440562184], [5.6724707118618705, 0.014382679717321227], [2.375507995091416, 0.006324557726355058], [0.13703201667409454, 0.0008154111037752265], [0.3203846413182044, 0.0012764186729889804], [0.26285709522481515, 0.0010354791867848553], [0.17082566545925304, 0.0007956514339545704], [0.1566916268068932, 0.0007430741118301011], [0.10020616184708508, 0.0004820194954471044], [0.012519424167508274, 0.00014059743107063983], [0.0031988253743968917, 7.340504346876142e-05]], "q10_avg": [[628.2710520817141, 1.4757972903504588], [16.882589738348855, 0.07029397390835], [49.72418801663102, 0.13755274804263087], [124.54284116615645, 0.14974733710465962], [39.87661776082549, 0.05784126477097424], [14.812532506083823, 0.0279410004285374], [25.91071122775895, 0.033137615338829474], [26.173412232724598, 0.031013895265119266], [8.911264086644126, 0.01199929538849448], [3.0859639486902024, 0.005033360789511867], [3.484563841344508, 0.00429035138312132], [2.911203956851448, 0.0035523657986997175], [2.182370654479374, 0.0029740122900304487], [1.7222664777164438, 0.0028068783316905527], [1.3300316211254872, 0.0021355543205640597], [0.9104639882766653, 0.0015846275787805527], [1.2037302825230862, 0.002434929752279034]], "q20_avg": [[1715.1943338938106, 1.3450691256259895], [74.99563739702592, 0.1751337258117789], [103.75691805896125, 0.20738767669571326], [170.15500744535842, 0.1434001594224714], [57.9705140012459, 0.07442298826495113], [25.688682761114045, 0.03571926948875917], [35.79272283610115, 0.033083786060544164], [33.60604502639276, 0.031055748222239065], [12.15511693124183, 0.013684716801739027], [5.1213820931629455, 0.0059303770469294305], [5.130280468553607, 0.004786503058483846], [4.31928697383988, 0.0039846498879100006], [3.390540177694103, 0.003470877827206084], [2.7837154648690103, 0.0034275500999198776], [2.0058911117473492, 0.0025522954430708925], [1.5379286452298822, 0.0020344149085857683], [2.2490487661008043, 0.003531314571365503]], "q30_avg": [[2304.7033829477496, 1.1753189303914375], [138.61597243770308, 0.25872705661467726], [156.91718659666867, 0.24680455295936388], [205.26847648394343, 0.13456493133002337], [71.25610632261564, 0.08045941853532484], [36.49614049252665, 0.037443636207149134], [43.81213798481084, 0.03153006591027057], [39.652858371008136, 0.02978393305029994], [14.933373719906212, 0.014616714772133776], [6.950757367876639, 0.0062025939486634075], [6.564758471070497, 0.004906193282712113], [5.569611627822856, 0.0041625827489713465], [4.505123051169722, 0.003686431209938535], [3.8062901767501787, 0.0037722427282483027], [2.6333942538567383, 0.0027936227516124528], [2.165719554765959, 0.0023212544548580384], [3.3498665065090787, 0.0044162704381587115]], "q40_avg": [[2553.1596006092664, 1.1858801091659696], [211.1325787832073, 0.31174254419377456], [212.01266341354824, 0.25536828097729153], [238.6420224985739, 0.12522168932205555], [83.54256030202832, 0.08293626669514984], [47.20540935253756, 0.03637773324935591], [51.43986077161888, 0.02907487137638561], [45.490444391153154, 0.02780013783822036], [17.704087275802202, 0.015107536549204333], [8.75948165726919, 0.006132950421729201], [7.9630808308152705, 0.004842025398560307], [6.805913682719034, 0.004215602530960034], [5.641562739825411, 0.0037451095259166223], [4.879780690081762, 0.003976470071807803], [3.280234283436656, 0.0029406483481266648], [2.8452725444227385, 0.0025250882024123148], [4.577566207173419, 0.005250178573182538]], "q50_avg": [[2800.1017267842326, 1.1659125170292157], [308.9466682007081, 0.28697543954006793], [266.7718557939042, 0.2567752264781674], [275.43191820452466, 0.11586030103635231], [96.94242856789377, 0.0820308150545981], [58.75101287577488, 0.03478512862972865], [59.38759214154563, 0.026473420347034118], [51.64200787234764, 0.025456069458534136], [20.73337698165696, 0.015137232243612738], [10.672343188156187, 0.005784952770991435], [9.42618671164844, 0.00468254403572248], [8.119264369607848, 0.004189735654249227], [6.875819785141719, 0.003711605446589391], [6.071741353215022, 0.0040906590173697575], [3.9906552550287615, 0.0030197731100519358], [3.619955559083548, 0.002686526584166425], [6.004740934329879, 0.006119471338844901]],