{"q0": [], "q10": [], "q20": [], "q30": [], "q40": [], "q50": [], "q60": [], "q70": [], "q80": [], "q90": [], "q100": [], "q0_min": [0.0, 0.0, 0.0, 10.173855781555176, 1.2837523221969604, 0.0, 0.6092252135276794, 0.5344492197036743, 0.0726536437869072, 0.0, 0.0, 0.0, 0.0, 0.0, 0.0, 0.0, 0.0], "q10_min": [61.478759765625, 0.721620500087738, 9.40865707397461, 66.89403533935547, 11.50878620147705, 2.5247602462768555, 8.992426872253418, 9.180047035217285, 3.4387903213500977, 0.747201681137085, 1.3191776275634766, 0.8111414909362793, 0.4714079201221466, 0.2678093910217285, 0.13414232432842255, 0.16157138347625732, 0.3492851257324219], "q20_min": [1143.5989990234375, 17.69365119934082, 34.96919250488281, 115.97672271728516, 19.626976013183594, 10.173542022705078, 18.664072036743164, 16.57363510131836, 5.739377975463867, 2.0967328548431396, 2.520022392272949, 1.7707959413528442, 1.207177996635437, 0.8281094431877136, 0.4903060495853424, 0.5165731310844421, 1.012449860572815], "q30_min": [1654.526123046875, 47.055721282958984, 67.51663970947266, 152.7737274169922, 29.58374786376953, 23.266633987426758, 28.274635314941406, 24.285409927368164, 7.996173858642578, 3.5440170764923096, 3.9379146099090576, 2.866839647293091, 2.0837595462799072, 1.399810791015625, 0.9588782787322998, 1.073080062866211, 1.8450250625610352], "q40_min": [2031.7686767578125, 103.5616683959961, 116.34622955322266, 192.8538818359375, 42.61570358276367, 34.77750778198242, 37.76881408691406, 30.663358688354492, 10.418673515319824, 5.741105556488037, 5.591938018798828, 4.195723056793213, 3.3420026302337646, 2.2854855060577393, 1.541528344154358, 1.7600679397583008, 2.9423751831054688], "q50_min": [2431.951171875, 202.3420867919922, 174.6636199951172, 240.3961944580078, 57.10047912597656, 44.389095306396484, 46.873382568359375, 39.852020263671875, 13.360852241516113, 7.876805782318115, 7.386957168579102, 6.012770175933838, 4.710755825042725, 3.5197956562042236, 2.1941020488739014, 2.5550577640533447, 3.892150640487671], "q60_min": [2647.130615234375, 291.4338073730469, 231.7240753173828, 287.25048828125, 80.43992614746094, 60.11764907836914, 56.76372146606445, 48.32380676269531, 17.295982360839844, 10.253935813903809, 9.037934303283691, 8.121180534362793, 6.678541660308838, 5.271016597747803, 3.0828969478607178, 3.4311392307281494, 5.141938209533691], "q70_min": [2922.671142578125, 382.9697265625, 313.2808837890625, 343.426513671875, 105.32837677001953, 74.30169677734375, 69.33090209960938, 57.24586868286133, 22.822349548339844, 13.579113006591797, 11.090557098388672, 10.115097999572754, 8.881767272949219, 7.769711971282959, 4.325745105743408, 4.579653739929199, 6.820913314819336], "q80_min": [3389.338134765625, 553.436767578125, 424.1786193847656, 399.6960754394531, 140.75538635253906, 95.1048583984375, 83.12875366210938, 67.26085662841797, 29.244691848754883, 17.236112594604492, 13.679883003234863, 12.350250244140625, 11.007332801818848, 10.1862154006958, 6.196034908294678, 6.236774444580078, 9.140341758728027], "q90_min": [5620.10986328125, 774.71435546875, 612.6066284179688, 514.8945922851562, 196.6951141357422, 129.7688751220703, 106.05374145507812, 84.79412078857422, 37.5933952331543, 21.967041015625, 17.610029220581055, 15.862960815429688, 14.50078296661377, 13.545001983642578, 8.013976097106934, 8.574503898620605, 13.296577453613281], "q100_min": [10360.26171875, 1521.5487060546875, 1202.1192626953125, 1012.0292358398438, 334.6439208984375, 233.70562744140625, 229.6558380126953, 202.5257568359375, 74.38884735107422, 48.91695785522461, 39.85335159301758, 35.809173583984375, 37.14458084106445, 37.15329360961914, 23.905052185058594, 26.66758155822754, 53.723358154296875], "q0_avg": [[0.0, 0.0], [0.0, 0.0], [3.215320968632004, 0.8439002311841343], [32.97697147369385, 2.553884516242557], [9.100692950487137, 1.2375776158643403], [0.3419413596764207, 0.1305147881770775], [5.273476365208626, 0.6033550454294624], [5.957612162232399, 0.5381078189683917], [2.560854215249419, 0.23878080234172758], [0.12311780904303304, 0.02523366249098221], [0.2852940618549474, 0.04031310233639862], [0.25293616052134893, 0.03262172960613783], [0.17047997759334976, 0.028021052997925004], [0.13461751251947135, 0.021530939649914253], [0.10118394312215968, 0.01899373851213009], [0.01145442444285436, 0.0045413288602452135], [0.004251239058794454, 0.0024342264814978683]], "q10_avg": [[611.9839417266845, 51.099592073317595], [15.388080930113793, 2.5275997261309016], [48.31031113624573, 4.915499476954755], [124.7811368560791, 5.603119166690522], [40.855292558670044, 2.1772596504628687], [15.1776966714859, 0.9999222989118985], [26.42701244354248, 1.1559837028449338], [26.70525008201599, 1.1149467214743463], [9.12410297870636, 0.4337654740950246], [3.137536950111389, 0.1712547760762831], [3.5060457408428194, 0.1392791045576988], [2.9239467430114745, 0.11697216588563215], [2.1515084984898567, 0.09997331177189298], [1.6946129149198532, 0.09219286295838028], [1.324873179793358, 0.0777387932732028], [0.9270875598490238, 0.05546358437752715], [1.2421049264073372, 0.07445098928244478]], "q20_avg": [[1742.5944311523438, 55.1938826538964], [71.55433908462524, 6.236492573016777], [101.89727046966553, 7.485455195225635], [171.6570581817627, 5.350066610182086], [59.39497859954834, 2.7201794763052187], [26.20028988838196, 1.3003774987952315], [36.30811485290528, 1.1780002535373337], [34.0374821472168, 1.0974472923821084], [12.37764540195465, 0.48704876836781574], [5.202176368236541, 0.1975156619978093], [5.1691679191589355, 0.15924096140602115], [4.335860172510147, 0.13193775267980584], [3.3750703358650207, 0.11637445110779858], [2.7609741324186325, 0.11251172328595656], [2.000984600484371, 0.09229676801333142], [1.563405571579933, 0.06956863961831869], [2.311141105890274, 0.10930125879836232]], "q30_avg": [[2336.2734558105467, 50.71003994946054], [134.16696670532227, 9.199760750848238], [155.3585011291504, 8.867660788481368], [206.8316387939453, 5.061362656866621], [72.70767627716064, 2.956131003489844], [37.13745754241943, 1.3821710718807405], [44.22171733856201, 1.1367565382667668], [40.07615766525269, 1.0664266224851988], [15.19644926071167, 0.525593525491969], [7.05659569978714, 0.20582201679697282], [6.614432651996612, 0.16741648301304055], [5.596484038829804, 0.13944860411195506], [4.488422689437866, 0.12066849028011765], [3.775704256296158, 0.1255370574849759], [2.626708237528801, 0.10056403880400311], [2.206888052225113, 0.07672441641100078], [3.4377788400650022, 0.1358613976950714]], "q40_avg": [[2568.2807043457033, 50.05764068983444], [206.9343755340576, 11.043171464021741], [210.7683078765869, 9.442703629352689], [240.0260009765625, 4.830667532892425], [85.26578556060791, 3.1759746787306176], [48.026845893859864, 1.3182440477495019], [51.86402599334717, 1.0730071195015274], [45.85918146133423, 1.0252392821728284], [17.975617570877077, 0.5445721177210234], [8.896250700950622, 0.20635978547976971], [8.02967749118805, 0.1630687943012827], [6.867203669548035, 0.14280132901427253], [5.6473204302787785, 0.1214784777854602], [4.879704430103302, 0.12908236445776347], [3.2802394044399263, 0.10423358890151269], [2.8963028240203856, 0.07960322858939435], [4.683930532932282, 0.16452594175437965]], "q50_avg": [[2812.80498046875, 48.68731087191453], [304.0044319152832, 9.849006744500938], [264.7576852416992, 9.589589056398404], [275.81748306274415, 4.407771187603979], [98.66899253845214, 3.1718626744210203], [59.6294739151001, 1.310833136644403], [59.74367382049561, 1.0240126363693098], [51.9617000579834, 0.9541993230168184], [21.079012899398805, 0.5535992697433847], [10.807037906646729, 0.2032401100506243], [9.51330996990204, 0.16032468557430746], [8.193485493659972, 0.14342855539127372], [6.910259022712707, 0.1207996119864733], [6.102404453754425, 0.12919123141102046], [4.00512796163559, 0.10332977593489157], [3.6865162539482115, 0.08304423214299768], [6.1211885070800784, 0.19890197699097334]],