{"alexnet_imagenet": {"p_sdc": [], "r_sdc": [], "p_cats": [], "r_cats": [], "p_cls": [], "r_cls": [], "acc": [], "ft": [], "acc_cls": [], "acc_cat": [], "meta": [], "due": 0.0, "conf_mat": [], "min_alternatives": [{"fts": ["q100_lay4", "q60_lay1", "q90_lay1", "q100_lay2"], "p_cls": 0.9321229496311791, "r_cls": 0.979761482644649}, {"fts": ["q100_lay4", "q80_lay1", "q90_lay1", "q100_lay2"], "p_cls": 0.9320272604341302, "r_cls": 0.9799451036508922}, {"fts": ["q100_lay4", "q80_lay2", "q90_lay1", "q100_lay2"], "p_cls": 0.9326323301830398, "r_cls": 0.9800973824508972}]}}