{"alexnet_imagenet": {"p_sdc": [[0.6999585578118525, 0.9271816194893118, 0.9285104566794707, 0.9655475093263112, 0.969179966978536, 0.971334250343879, 0.9738003309431881, 0.9719837076177895, 0.9719621020160846, 0.9719116594151016, 0.9719713656387665, 0.9720202687816699, 0.9718565842374841, 0.9720233505892719, 0.9719667345927191, 0.9719651905706103, 0.9719147530150338, 0.9721319601255715, 0.9719162995594713, 0.9719132063002534, 0.9719116594151016]], "r_sdc": [[0.9485033975402931, 0.9767507160105576, 0.977368450609311, 0.9883753580052789, 0.9889369349132364, 0.9914078733082495, 0.9914640309990453, 0.9916886617622284, 0.9909024540910878, 0.9910147694726793, 0.9912394002358623, 0.991070927163475, 0.9909586117818835, 0.9911832425450665, 0.991070927163475, 0.9910147694726793, 0.9911270848542708, 0.9912394002358623, 0.9911832425450665, 0.991070927163475, 0.9910147694726793]], "p_cats": [[0.5876510295300567, 0.944995922854679, 0.9446443498185608, 0.9761296685762169, 0.9782013367636528, 0.980361516690702, 0.9812872433562089, 0.9797166954762595, 0.9797653870602394, 0.9797372218181996, 0.9797710902542254, 0.9797983078906597, 0.9797062044484726, 0.9798002051069543, 0.9797682391879265, 0.9797672885966588, 0.9797391264947923, 0.9798612912971078, 0.9797400786558876, 0.9797381742155704, 0.9797372218181996]], "r_cats": [[0.9629123707236106, 0.981151226874814, 0.981221838487216, 0.9904596889342252, 0.9910229113840656, 0.9925124214303356, 0.9922978077147284, 0.9922978077147284, 0.9919175072773829, 0.9919808906836072, 0.9921076574960557, 0.9920125823867194, 0.9919491989804952, 0.9920759657929437, 0.9920125823867194, 0.9919808906836072, 0.9920442740898314, 0.9921076574960557, 0.9920759657929437, 0.9920125823867194, 0.9919808906836072]], "p_cls": [[0.548934126534404, 0.9036982293220364, 0.9034997929245872, 0.9431534684998383, 0.9475884842466774, 0.9525379229712978, 0.952295157933713, 0.9509340327472279, 0.9516495851199623, 0.9513075895521999, 0.9512108211339363, 0.9499026422977023, 0.950430436371559, 0.9506122064497013, 0.9505002336393892, 0.9498312066043983, 0.9491857917876729, 0.9486116049440815, 0.9490918843363485, 0.9485023946234545, 0.9485950909824081]], "r_cls": [[0.7388031069464025, 0.9532928182467945, 0.9535218684501376, 0.9677738772025197, 0.9694441307311361, 0.9743781434402546, 0.9718725964185786, 0.9729223206360613, 0.9726400751858917, 0.972556500205559, 0.9726386536039076, 0.9711468173894577, 0.9717184161997163, 0.9720395182241107, 0.9719472382479266, 0.9712200376368217, 0.97066727040025, 0.9700135181916425, 0.9706945788146552, 0.9699400697891452, 0.970004813195791]], "acc": [], "ft": [[["q100_lay4"], ["q100_lay4", "q40_lay1"], ["q40_lay1", "q100_lay4", "q60_lay1"], ["q40_lay1", "q100_lay4", "q60_lay1", "q60_lay2"], ["q40_lay1", "q100_lay4", "q60_lay1", "q60_lay2", "q10_lay4"], ["q100_lay4", "q40_lay1", "q60_lay1", "q60_lay2", "q20_lay0", "q10_lay4"], ["q40_lay1", "q100_lay4", "q60_lay1", "q60_lay2", "q20_lay0", "q10_lay4", "q80_lay3"], ["q100_lay4", "q40_lay1", "q60_lay1", "q60_lay2", "q10_lay4", "q20_lay0", "q80_lay3", "q40_lay0"], ["q100_lay4", "q40_lay1", "q60_lay1", "q60_lay2", "q10_lay4", "q20_lay0", "q80_lay3", "q40_lay0", "q10_lay3"], ["q100_lay4", "q40_lay1", "q60_lay1", "q60_lay2", "q10_lay4", "q20_lay0", "q80_lay3", "q40_lay0", "q10_lay3", "q30_lay3"], ["q100_lay4", "q40_lay1", "q60_lay1", "q60_lay2", "q20_lay0", "q10_lay4", "q80_lay3", "q40_lay0", "q10_lay3", "q30_lay3", "q80_lay2"], ["q100_lay4", "q40_lay1", "q60_lay1", "q60_lay2", "q10_lay4", "q20_lay0", "q80_lay3", "q40_lay0", "q10_lay3", "q30_lay3", "q80_lay2", "q80_lay1"], ["q100_lay4", "q40_lay1", "q60_lay1", "q60_lay2", "q10_lay4", "q20_lay0", "q80_lay3", "q40_lay0", "q10_lay3", "q30_lay3", "q80_lay2", "q80_lay1", "q30_lay4"], ["q100_lay4", "q40_lay1", "q60_lay1", "q60_lay2", "q10_lay4", "q20_lay0", "q80_lay3", "q40_lay0", "q10_lay3", "q30_lay3", "q80_lay2", "q80_lay1", "q50_lay4", "q30_lay4"], ["q100_lay4", "q40_lay1", "q60_lay1", "q60_lay2", "q20_lay0", "q10_lay4", "q80_lay3", "q40_lay0", "q10_lay3", "q30_lay4", "q80_lay2", "q80_lay1", "q50_lay4", "q100_lay3", "q30_lay3"], ["q100_lay4", "q40_lay1", "q60_lay1", "q60_lay2", "q10_lay4", "q20_lay0", "q80_lay3", "q40_lay0", "q10_lay3", "q30_lay4", "q80_lay2", "q50_lay4", "q80_lay1", "q70_lay4", "q30_lay3", "q100_lay3"], ["q100_lay4", "q40_lay1", "q60_lay1", "q60_lay2", "q10_lay4", "q20_lay0", "q80_lay3", "q40_lay0", "q10_lay3", "q30_lay3", "q80_lay2", "q50_lay4", "q80_lay1", "q30_lay4", "q100_lay3", "q70_lay4", "q80_lay0"], ["q100_lay4", "q40_lay1", "q60_lay1", "q60_lay2", "q10_lay4", "q20_lay0", "q80_lay3", "q40_lay0", "q10_lay3", "q30_lay4", "q80_lay2", "q80_lay1", "q50_lay3", "q70_lay4", "q100_lay3", "q80_lay0", "q50_lay4", "q30_lay3"], ["q100_lay4", "q40_lay1", "q60_lay1", "q60_lay2", "q10_lay4", "q20_lay0", "q80_lay3", "q40_lay0", "q10_lay3", "q30_lay4", "q80_lay2", "q80_lay1", "q70_lay4", "q100_lay3", "q80_lay0", "q50_lay3", "q70_lay2", "q50_lay4", "q30_lay3"], ["q100_lay4", "q40_lay1", "q60_lay1", "q60_lay2", "q10_lay4", "q20_lay0", "q80_lay3", "q40_lay0", "q10_lay3", "q80_lay2", "q80_lay1", "q30_lay3", "q50_lay4", "q100_lay3", "q70_lay4", "q80_lay0", "q50_lay3", "q70_lay2", "q70_lay1", "q30_lay4"], ["q100_lay4", "q40_lay1", "q60_lay1", "q60_lay2", "q10_lay4", "q20_lay0", "q80_lay3", "q40_lay0", "q10_lay3", "q30_lay3", "q80_lay2", "q80_lay1", "q30_lay4", "q50_lay4", "q100_lay3", "q70_lay4", "q80_lay0", "q50_lay3", "q70_lay2", "q70_lay1", "q70_lay3", "q90_lay4", "q50_lay2", "q30_lay1", "q90_lay3", "q90_lay2", "q90_lay1", "q90_lay0", "q80_lay4", "q70_lay0", "q60_lay4", "q60_lay3", "q60_lay0", "q50_lay1", "q50_lay0", "q40_lay4", "q40_lay3", "q40_lay2", "q30_lay2", "q30_lay0", "q20_lay4", "q20_lay3", "q20_lay2", "q20_lay1", "q10_lay2", "q10_lay1", "q10_lay0", "q100_lay2", "q100_lay1", "q100_lay0", "q0_lay4", "q0_lay3", "q0_lay2", "q0_lay1", "q0_lay0"]]], "acc_cls": [], "acc_cat": [], "meta": [[[35.0, 2413.0, 4825.0], [26.0, 1555.0, 3109.0], [31.0, 1550.0, 3099.0], [29.0, 1078.0, 2155.0], [37.0, 932.0, 1863.0], [29.0, 826.0, 1651.0], [25.0, 795.0, 1589.0], [37.0, 787.0, 1573.0], [37.0, 815.0, 1629.0], [37.0, 815.0, 1629.0], [37.0, 817.0, 1633.0], [37.0, 817.0, 1633.0], [37.0, 818.0, 1635.0], [37.0, 817.0, 1633.0], [37.0, 818.0, 1635.0], [37.0, 817.0, 1633.0], [37.0, 817.0, 1633.0], [37.0, 822.0, 1643.0], [37.0, 822.0, 1643.0], [37.0, 821.0, 1641.0], [37.0, 822.0, 1643.0]]], "due": 0.04902591077342685,