{"alexnet_imagenet": {"p_sdc": [], "r_sdc": [], "p_cats": [], "r_cats": [], "p_cls": [], "r_cls": [], "acc": [], "ft": [], "acc_cls": [], "acc_cat": [], "meta": [], "due": 0.0, "conf_mat": [], "min_alternatives": [{"fts": ["q100_lay4", "q100_lay1", "q90_lay1", "q60_lay1"], "p_cls": 0.9372571167816097, "r_cls": 0.9763201648333085}, {"fts": ["q100_lay4", "q100_lay1", "q90_lay1", "q80_lay2"], "p_cls": 0.9379001442765645, "r_cls": 0.9777804278874018}, {"fts": ["q100_lay4", "q100_lay1", "q90_lay1", "q80_lay1"], "p_cls": 0.9382037734098481, "r_cls": 0.9768543286513267}]}}